state,county,deaths,cases
Alabama,Autauga,5683,370662
Alabama,Baldwin,12446,1127507
Alabama,Barbour,2035,174840
Alabama,Bibb,2687,148219
Alabama,Blount,3855,349468
Alabama,Bullock,3163,119697
Alabama,Butler,8091,201832
Alabama,Calhoun,10868,740887
Alabama,Chambers,9840,266821
Alabama,Cherokee,2815,120792
Alabama,Chilton,4775,291187
Alabama,Choctaw,2902,73785
Alabama,Clarke,2961,223181
Alabama,Clay,2329,108488
Alabama,Cleburne,1371,81456
Alabama,Coffee,2111,305190
Alabama,Colbert,5400,382578
Alabama,Conecuh,2246,101927
Alabama,Coosa,651,41572
Alabama,Covington,5106,283436
Alabama,Crenshaw,4377,100997
Alabama,Cullman,4765,494812
Alabama,Dale,7363,293052
Alabama,Dallas,5045,350520
Alabama,DeKalb,4877,592516
Alabama,Elmore,9726,563060
Alabama,Escambia,4629,290139
Alabama,Etowah,9532,774935
Alabama,Fayette,1855,101831
Alabama,Franklin,5474,378225
Alabama,Geneva,1110,135981
Alabama,Greene,2980,69527
Alabama,Hale,5737,142583
Alabama,Henry,1088,109359
Alabama,Houston,5356,619518
Alabama,Jackson,2831,379999
Alabama,Jefferson,73355,4241109
Alabama,Lamar,838,82672
Alabama,Lauderdale,6639,450940
Alabama,Lawrence,3694,146599
Alabama,Lee,13105,1062969
Alabama,Limestone,4791,502126
Alabama,Lowndes,5735,140960
Alabama,Macon,3649,102042
Alabama,Madison,15955,1696898
Alabama,Marengo,4058,171541
Alabama,Marion,6068,193639
Alabama,Marshall,8820,877630
Alabama,Mobile,60927,2778755
Alabama,Monroe,1603,118429
Alabama,Montgomery,37490,1836756
Alabama,Morgan,6275,804949
Alabama,Perry,992,104120
Alabama,Pickens,3010,152000
Alabama,Pike,2171,229100
Alabama,Randolph,3436,137271
Alabama,Russell,481,334536
Alabama,Shelby,11738,1280177
Alabama,St. Clair,6712,512115
Alabama,Sumter,4038,99323
Alabama,Talladega,6191,440143
Alabama,Tallapoosa,19340,267773
Alabama,Tuscaloosa,23215,1664904
Alabama,Walker,15674,500720
Alabama,Washington,2909,119259
Alabama,Wilcox,2684,110796
Alabama,Winston,2715,165170
Alaska,Aleutians East Borough,0,2875
Alaska,Aleutians West Census Area,0,17883
Alaska,Anchorage,7992,1448355
Alaska,Bethel Census Area,364,102289
Alaska,Bristol Bay plus Lake and Peninsula,0,18832
Alaska,Denali Borough,0,3828
Alaska,Dillingham Census Area,38,9438
Alaska,Fairbanks North Star Borough,2176,335620
Alaska,Haines Borough,0,2224
Alaska,Juneau City and Borough,300,86134
Alaska,Kenai Peninsula Borough,673,225097
Alaska,Ketchikan Gateway Borough,0,20323
Alaska,Kodiak Island Borough,30,33528
Alaska,Kusilvak Census Area,81,32264
Alaska,Matanuska-Susitna Borough,795,303951
Alaska,Nome Census Area,0,19998
Alaska,North Slope Borough,48,41807
Alaska,Northwest Arctic Borough,0,31903
Alaska,Petersburg Borough,0,2869
Alaska,Prince of Wales-Hyder Census Area,64,5825
Alaska,Sitka City and Borough,0,17570
Alaska,Skagway Municipality,0,738
Alaska,Southeast Fairbanks Census Area,119,21088
Alaska,Unknown,0,13809
Alaska,Valdez-Cordova Census Area,130,29381
Alaska,Wrangell City and Borough,0,3181
Alaska,Yakutat plus Hoonah-Angoon,23,5009
Alaska,Yukon-Koyukuk Census Area,314,18308
Arizona,Apache,32439,834942
Arizona,Cochise,12646,478249
Arizona,Coconino,31510,994627
Arizona,Gila,11344,328861
Arizona,Graham,4589,219039
Arizona,Greenlee,410,22228
Arizona,La Paz,3091,126418
Arizona,Maricopa,608930,30144245
Arizona,Mohave,42176,885235
Arizona,Navajo,46741,1324578
Arizona,Pima,124265,5444110
Arizona,Pinal,40119,2317603
Arizona,Santa Cruz,11565,624614
Arizona,Unknown,107,13
Arizona,Yavapai,16745,672192
Arizona,Yuma,62144,2730124
Arkansas,Arkansas,1978,99987
Arkansas,Ashley,1835,99075
Arkansas,Baxter,2229,115503
Arkansas,Benton,18733,1510270
Arkansas,Boone,4050,166872
Arkansas,Bradley,1225,67265
Arkansas,Calhoun,37,11947
Arkansas,Carroll,2536,160475
Arkansas,Chicot,3198,171422
Arkansas,Clark,1054,89904
Arkansas,Clay,2130,84409
Arkansas,Cleburne,2785,88145
Arkansas,Cleveland,1621,41703
Arkansas,Columbia,3449,113149
Arkansas,Conway,981,72955
Arkansas,Craighead,7674,730103
Arkansas,Crawford,3852,324006
Arkansas,Crittenden,8239,429641
Arkansas,Cross,2659,98229
Arkansas,Dallas,696,32820
Arkansas,Desha,1032,69245
Arkansas,Drew,1192,88039
Arkansas,Faulkner,5465,555777
Arkansas,Franklin,1056,76393
Arkansas,Fulton,1275,49114
Arkansas,Garland,10534,426518
Arkansas,Grant,562,65383
Arkansas,Greene,2830,273055
Arkansas,Hempstead,924,93727
Arkansas,Hot Spring,4934,387859
Arkansas,Howard,1752,100883
Arkansas,Independence,6092,224445
Arkansas,Izard,480,82694
Arkansas,Jackson,851,147287
Arkansas,Jefferson,15478,644732
Arkansas,Johnson,1246,176017
Arkansas,Lafayette,534,27181
Arkansas,Lawrence,3578,120924
Arkansas,Lee,2683,207650
Arkansas,Lincoln,3367,419650
Arkansas,Little River,4137,71541
Arkansas,Logan,575,101164
Arkansas,Lonoke,4403,281149
Arkansas,Madison,806,83727
Arkansas,Marion,519,33609
Arkansas,Miller,2440,221173
Arkansas,Mississippi,8827,365261
Arkansas,Monroe,272,32879
Arkansas,Montgomery,1104,30998
Arkansas,Nevada,2268,52758
Arkansas,Newton,2805,45995
Arkansas,Ouachita,1395,72802
Arkansas,Perry,230,26573
Arkansas,Phillips,2382,113007
Arkansas,Pike,394,45707
Arkansas,Poinsett,3780,168165
Arkansas,Polk,1236,78041
Arkansas,Pope,5198,456667
Arkansas,Prairie,664,37709
Arkansas,Pulaski,34532,2027440
Arkansas,Randolph,3558,104690
Arkansas,Saline,5689,513355
Arkansas,Scott,293,34664
Arkansas,Searcy,253,32470
Arkansas,Sebastian,12644,789668
Arkansas,Sevier,2901,255985
Arkansas,Sharp,2084,68184
Arkansas,St. Francis,1592,330667
Arkansas,Stone,2295,58187
Arkansas,Union,7480,195244
Arkansas,Unknown,6,358737
Arkansas,Van Buren,735,43635
Arkansas,Washington,21661,1985759
Arkansas,White,5006,268318
Arkansas,Woodruff,46,18864
Arkansas,Yell,4832,257123
California,Alameda,75187,4319856
California,Alpine,0,2827
California,Amador,2343,85707
California,Butte,7094,516050
California,Calaveras,2172,65984
California,Colusa,955,100912
California,Contra Costa,40409,3292835
California,Del Norte,154,41567
California,El Dorado,700,294763
California,Fresno,66630,5401142
California,Glenn,811,115881
California,Humboldt,1538,115677
California,Imperial,56509,2486469
California,Inyo,2197,39360
California,Kern,62450,6042885
California,Kings,14307,1521392
California,Lake,1970,112498
California,Lassen,238,226223
California,Los Angeles,1331978,59976957
California,Madera,11722,839936
California,Marin,19948,1243628
California,Mariposa,445,17618
California,Mendocino,3037,187074
California,Merced,24119,1649808
California,Modoc,2,12030
California,Mono,464,54922
California,Monterey,15445,1997925
California,Napa,2818,384599
California,Nevada,1854,147546
California,Orange,225712,11731923
California,Placer,9737,838843
California,Plumas,7,18471
California,Riverside,233000,12947120
California,Sacramento,77308,4674911
California,San Benito,2292,261093
California,San Bernardino,171282,12451039
California,San Diego,167372,10827207
California,San Francisco,23513,2289679
California,San Joaquin,72833,3823964
California,San Luis Obispo,5318,768331
California,San Mateo,33271,2089742
California,Santa Barbara,19782,1801597
California,Santa Clara,74379,4664377
California,Santa Cruz,4073,537760
California,Shasta,5204,407494
California,Sierra,0,1541
California,Siskiyou,258,58878
California,Solano,12578,1377978
California,Sonoma,19779,1530293
California,Stanislaus,59545,3207195
California,Sutter,2754,391378
California,Tehama,1991,164470
California,Trinity,45,10621
California,Tulare,52701,3125147
California,Tuolumne,1072,102183
California,Unknown,4,7
California,Ventura,27823,2713987
California,Yolo,12435,607446
California,Yuba,1549,250430
Colorado,Adams,55585,2987086
Colorado,Alamosa,2123,74118
Colorado,Arapahoe,93253,2994287
Colorado,Archuleta,0,21869
Colorado,Baca,8,9609
Colorado,Bent,211,24789
Colorado,Boulder,21942,1110606
Colorado,Broomfield,8883,209279
Colorado,Chaffee,4936,83452
Colorado,Cheyenne,88,5049
Colorado,Clear Creek,293,17548
Colorado,Conejos,145,16036
Colorado,Costilla,156,9894
Colorado,Crowley,559,77278
Colorado,Custer,0,7128
Colorado,Delta,1034,70023
Colorado,Denver,106971,4019537
Colorado,Dolores,0,1740
Colorado,Douglas,17515,986875
Colorado,Eagle,2520,338855
Colorado,El Paso,47096,2548795
Colorado,Elbert,744,57250
Colorado,Fremont,514,196199
Colorado,Garfield,1482,257918
Colorado,Gilpin,31,7517
Colorado,Grand,276,33703
Colorado,Gunnison,1673,78072
Colorado,Hinsdale,0,1153
Colorado,Huerfano,629,12004
Colorado,Jackson,0,2251
Colorado,Jefferson,69552,2027485
Colorado,Kiowa,29,2221
Colorado,Kit Carson,945,29535
Colorado,La Plata,877,116163
Colorado,Lake,0,30104
Colorado,Larimer,12264,924342
Colorado,Las Animas,109,19544
Colorado,Lincoln,47,24647
Colorado,Logan,3089,274126
Colorado,Mesa,4909,418682
Colorado,Mineral,23,4404
Colorado,Moffat,664,23636
Colorado,Montezuma,1306,63488
Colorado,Montrose,3624,125956
Colorado,Morgan,11781,226881
Colorado,Otero,1617,61425
Colorado,Ouray,360,10051
Colorado,Park,302,22660
Colorado,Phillips,167,14693
Colorado,Pitkin,573,65095
Colorado,Prowers,871,49097
Colorado,Pueblo,14899,646704
Colorado,Rio Blanco,72,11557
Colorado,Rio Grande,543,29028
Colorado,Routt,2131,61898
Colorado,Saguache,485,30329
Colorado,San Juan,0,1829
Colorado,San Miguel,0,26767
Colorado,Sedgwick,191,7719
Colorado,Summit,918,158089
Colorado,Teller,890,59737
Colorado,Unknown,35,6823
Colorado,Washington,389,23610
Colorado,Weld,40293,1547929
Colorado,Yuma,248,35860
Connecticut,Fairfield,353607,5920424
Connecticut,Hartford,354064,4264912
Connecticut,Litchfield,36572,600463
Connecticut,Middlesex,46283,504691
Connecticut,New Haven,276756,4415214
Connecticut,New London,30195,709833
Connecticut,Tolland,17274,398645
Connecticut,Unknown,159,86781
Connecticut,Windham,4953,313268
Delaware,Kent,25851,766563
Delaware,New Castle,70945,2637082
Delaware,Sussex,48853,1713448
Delaware,Unknown,15,37284
Florida,Alachua,11382,1541591
Florida,Baker,3239,256360
Florida,Bay,19147,1127568
Florida,Bradford,2063,185658
Florida,Brevard,53266,1900201
Florida,Broward,254355,15184060
Florida,Calhoun,2698,118466
Florida,Charlotte,29562,661325
Florida,Citrus,20136,552253
Florida,Clay,20717,1012841
Florida,Collier,42064,2578370
Florida,Columbia,10434,673381
Florida,DeSoto,5463,325820
Florida,Dixie,1517,135198
Florida,Duval,75627,6021293
Florida,Escambia,41943,2339366
Florida,Flagler,5223,346073
Florida,Franklin,550,104921
Florida,Gadsden,7617,480190
Florida,Gilchrist,2282,100444
Florida,Glades,1077,99486
Florida,Gulf,2287,147042
Florida,Hamilton,1426,159846
Florida,Hardee,2228,254119
Florida,Hendry,8358,413531
Florida,Hernando,23965,626903
Florida,Highlands,17680,450851
Florida,Hillsborough,124091,8217627
Florida,Holmes,1623,149634
Florida,Indian River,19116,654832
Florida,Jackson,12550,511538
Florida,Jefferson,1759,103870
Florida,Lafayette,2070,182202
Florida,Lake,31735,1449706
Florida,Lee,89851,4205959
Florida,Leon,14949,1854478
Florida,Levy,1721,190288
Florida,Liberty,1591,101694
Florida,Madison,3594,182737
Florida,Manatee,59210,2336760
Florida,Marion,46680,1739926
Florida,Martin,25117,958531
Florida,Miami-Dade,581489,33036396
Florida,Monroe,3966,404045
Florida,Nassau,6671,403631
Florida,Okaloosa,19541,1072588
Florida,Okeechobee,4880,279833
Florida,Orange,84857,7989282
Florida,Osceola,30777,2478503
Florida,Palm Beach,263141,9329977
Florida,Pasco,37387,1932695
Florida,Pinellas,133666,4549325
Florida,Polk,95209,3809838
Florida,Putnam,7734,398453
Florida,Santa Rosa,13439,1015713
Florida,Sarasota,54852,1722982
Florida,Seminole,36397,1823333
Florida,St. Johns,12541,1109266
Florida,St. Lucie,50361,1518137
Florida,Sumter,13610,462427
Florida,Suwannee,13053,473833
Florida,Taylor,2309,222786
Florida,Union,5035,153907
Florida,Unknown,45,298430
Florida,Volusia,48354,2166172
Florida,Wakulla,1829,205495
Florida,Walton,5082,427588
Florida,Washington,4050,201559
Georgia,Appling,6130,197080
Georgia,Atkinson,1007,88156
Georgia,Bacon,2729,119374
Georgia,Baker,1033,19339
Georgia,Baldwin,11835,380511
Georgia,Banks,1509,102217
Georgia,Barrow,9360,456504
Georgia,Bartow,18077,664035
Georgia,Ben Hill,4196,146494
Georgia,Berrien,2429,96775
Georgia,Bibb,30524,1092627
Georgia,Bleckley,3577,89879
Georgia,Brantley,2139,93754
Georgia,Brooks,4950,104963
Georgia,Bryan,2568,203640
Georgia,Bulloch,5832,488052
Georgia,Burke,2348,164828
Georgia,Butts,9169,157599
Georgia,Calhoun,1931,56707
Georgia,Camden,2327,237126
Georgia,Candler,3460,80021
Georgia,Carroll,15020,683872
Georgia,Catoosa,3750,257353
Georgia,Charlton,1788,113221
Georgia,Chatham,28643,1529891
Georgia,Chattahoochee,317,274008
Georgia,Chattooga,3684,146289
Georgia,Cherokee,18478,1326975
Georgia,Clarke,8322,955760
Georgia,Clay,642,24688
Georgia,Clayton,32311,1493989
Georgia,Clinch,1635,72119
Georgia,Cobb,88649,4129249
Georgia,Coffee,10205,422102
Georgia,Colquitt,7415,414727
Georgia,Columbia,10418,802019
Georgia,Cook,2488,117971
Georgia,Coweta,9304,644912
Georgia,Crawford,744,35798
Georgia,Crisp,4566,140768
Georgia,Dade,914,62056
Georgia,Dawson,1578,155760
Georgia,Decatur,5599,224587
Georgia,DeKalb,72278,3959866
Georgia,Dodge,4093,118964
Georgia,Dooly,3837,81212
Georgia,Dougherty,45256,737932
Georgia,Douglas,14573,778380
Georgia,Early,8294,113959
Georgia,Echols,344,52489
Georgia,Effingham,3809,270963
Georgia,Elbert,1898,139483
Georgia,Emanuel,5422,183614
Georgia,Evans,1212,74367
Georgia,Fannin,3757,127354
Georgia,Fayette,9597,408817
Georgia,Floyd,10412,656120
Georgia,Forsyth,8935,865091
Georgia,Franklin,2561,155600
Georgia,Fulton,119514,5782192
Georgia,Gilmer,3032,178806
Georgia,Glascock,293,10234
Georgia,Glynn,15373,631255
Georgia,Gordon,8400,415333
Georgia,Grady,3791,147015
Georgia,Greene,4266,102432
Georgia,Gwinnett,80659,5663706
Georgia,Habersham,13679,355502
Georgia,Hall,30014,1914707
Georgia,Hancock,8717,84044
Georgia,Haralson,2719,132430
Georgia,Harris,4354,161563
Georgia,Hart,2731,107551
Georgia,Heard,1205,48328
Georgia,Henry,19088,1150536
Georgia,Houston,15889,657637
Georgia,Irwin,1277,59714
Georgia,Jackson,6856,424153
Georgia,Jasper,762,60394
Georgia,Jeff Davis,3596,134038
Georgia,Jefferson,4535,141284
Georgia,Jenkins,5299,72480
Georgia,Johnson,3693,78698
Georgia,Jones,2009,105930
Georgia,Lamar,3527,90541
Georgia,Lanier,1339,60211
Georgia,Laurens,12020,335684
Georgia,Lee,6791,171367
Georgia,Liberty,3470,206053
Georgia,Lincoln,1296,42688
Georgia,Long,629,45491
Georgia,Lowndes,15018,860392
Georgia,Lumpkin,2542,168061
Georgia,Macon,2532,54226
Georgia,Madison,2183,145285
Georgia,Marion,1473,40006
Georgia,McDuffie,3090,122993
Georgia,McIntosh,1127,52802
Georgia,Meriwether,2402,115814
Georgia,Miller,265,53624
Georgia,Mitchell,10933,180717
Georgia,Monroe,8921,145096
Georgia,Montgomery,1042,55777
Georgia,Morgan,708,102255
Georgia,Murray,2132,208575
Georgia,Muscogee,28706,1141744
Georgia,Newton,14666,542748
Georgia,Oconee,5036,175445
Georgia,Oglethorpe,2391,75402
Georgia,Paulding,10482,636032
Georgia,Peach,4225,137833
Georgia,Pickens,2150,136663
Georgia,Pierce,3716,154406
Georgia,Pike,2082,94217
Georgia,Polk,3881,298444
Georgia,Pulaski,3043,58192
Georgia,Putnam,4868,137804
Georgia,Quitman,261,9682
Georgia,Rabun,1639,75976
Georgia,Randolph,6763,73439
Georgia,Richmond,30556,1376105
Georgia,Rockdale,7592,389112
Georgia,Schley,405,22992
Georgia,Screven,2155,70299
Georgia,Seminole,1679,67839
Georgia,Spalding,12412,318629
Georgia,Stephens,6016,209739
Georgia,Stewart,2332,88847
Georgia,Sumter,14590,223565
Georgia,Talbot,1204,35726
Georgia,Taliaferro,0,4573
Georgia,Tattnall,2484,151791
Georgia,Taylor,1751,44540
Georgia,Telfair,3553,86160
Georgia,Terrell,7683,82232
Georgia,Thomas,13289,304053
Georgia,Tift,11443,372076
Georgia,Toombs,7624,236365
Georgia,Towns,2448,67023
Georgia,Treutlen,1570,48465
Georgia,Troup,17978,596588
Georgia,Turner,4916,72125
Georgia,Twiggs,1687,36221
Georgia,Union,3900,131900
Georgia,Unknown,1012,557231
Georgia,Upson,13832,207983
Georgia,Walker,6416,316976
Georgia,Walton,11641,419781
Georgia,Ware,10827,351196
Georgia,Warren,862,28547
Georgia,Washington,2631,142521
Georgia,Wayne,5002,212059
Georgia,Webster,450,9976
Georgia,Wheeler,1955,53107
Georgia,White,3485,163969
Georgia,Whitfield,11427,1002619
Georgia,Wilcox,5097,59793
Georgia,Wilkes,1026,57591
Georgia,Wilkinson,3159,65048
Georgia,Worth,6910,127181
Hawaii,Hawaii,3156,164214
Hawaii,Honolulu,21421,1842606
Hawaii,Kalawao,0,22
Hawaii,Kauai,37,15271
Hawaii,Maui,2607,107138
Idaho,Ada,30364,3020647
Idaho,Adams,241,11231
Idaho,Bannock,2714,396378
Idaho,Bear Lake,124,15520
Idaho,Benewah,394,31014
Idaho,Bingham,2820,251072
Idaho,Blaine,1692,203479
Idaho,Boise,254,16399
Idaho,Bonner,491,100177
Idaho,Bonneville,5842,717787
Idaho,Boundary,274,29320
Idaho,Butte,0,11267
Idaho,Camas,0,5064
Idaho,Canyon,18494,1778085
Idaho,Caribou,627,37389
Idaho,Cassia,1578,215304
Idaho,Clark,0,5422
Idaho,Clearwater,115,37385
Idaho,Custer,119,14323
Idaho,Elmore,910,95785
Idaho,Franklin,376,56922
Idaho,Fremont,784,63736
Idaho,Gem,818,88522
Idaho,Gooding,754,91135
Idaho,Idaho,556,60087
Idaho,Jefferson,786,146739
Idaho,Jerome,1757,200387
Idaho,Kootenai,8134,776898
Idaho,Latah,152,143270
Idaho,Lemhi,423,34816
Idaho,Lewis,303,16039
Idaho,Lincoln,476,34304
Idaho,Madison,639,338663
Idaho,Minidoka,1527,183280
Idaho,Nez Perce,6089,182684
Idaho,Oneida,38,12456
Idaho,Owyhee,1066,75039
Idaho,Payette,1755,179449
Idaho,Power,269,49849
Idaho,Shoshone,2656,52348
Idaho,Teton,164,50675
Idaho,Twin Falls,11173,667360
Idaho,Unknown,0,1219
Idaho,Valley,196,26460
Idaho,Washington,1199,83273
Illinois,Adams,4235,394127
Illinois,Alexander,278,23955
Illinois,Bond,1328,91338
Illinois,Boone,6464,383205
Illinois,Brown,317,24368
Illinois,Bureau,3766,179206
Illinois,Calhoun,52,19208
Illinois,Carroll,2228,83879
Illinois,Cass,2578,104809
Illinois,Champaign,6748,1085820
Illinois,Christian,4572,158846
Illinois,Clark,1632,66176
Illinois,Clay,1620,65080
Illinois,Clinton,6968,315141
Illinois,Coles,7447,329761
Illinois,Cook,1268257,39394758
Illinois,Crawford,1182,99258
Illinois,Cumberland,1361,57196
Illinois,De Witt,1151,49878
Illinois,DeKalb,7866,494327
Illinois,Douglas,1581,117070
Illinois,DuPage,140001,5109381
Illinois,Edgar,1702,61645
Illinois,Edwards,204,20478
Illinois,Effingham,1969,234472
Illinois,Fayette,3110,140948
Illinois,Ford,2182,59343
Illinois,Franklin,2055,181017
Illinois,Fulton,897,110788
Illinois,Gallatin,374,20217
Illinois,Greene,2451,66684
Illinois,Grundy,2182,236260
Illinois,Hamilton,385,30205
Illinois,Hancock,1192,75597
Illinois,Hardin,140,11890
Illinois,Henderson,159,24029
Illinois,Henry,1966,217460
Illinois,Iroquois,3935,145818
Illinois,Jackson,5944,298069
Illinois,Jasper,2155,59687
Illinois,Jefferson,8576,182781
Illinois,Jersey,2776,112214
Illinois,Jo Daviess,1413,92765
Illinois,Johnson,438,61581
Illinois,Kane,79144,3717903
Illinois,Kankakee,19426,855140
Illinois,Kendall,7545,643440
Illinois,Knox,4872,245327
Illinois,Lake,117022,4610889
Illinois,LaSalle,14547,530269
Illinois,Lawrence,1148,86800
Illinois,Lee,2377,160532
Illinois,Livingston,2750,167684
Illinois,Logan,1548,143957
Illinois,Macon,13050,544273
Illinois,Macoupin,2718,182810
Illinois,Madison,32912,1439638
Illinois,Marion,4131,203339
Illinois,Marshall,438,32648
Illinois,Mason,1515,58002
Illinois,Massac,720,44261
Illinois,McDonough,4768,138736
Illinois,McHenry,29118,1451732
Illinois,McLean,6949,776125
Illinois,Menard,211,41292
Illinois,Mercer,1281,61147
Illinois,Monroe,5825,196554
Illinois,Montgomery,2113,113644
Illinois,Morgan,5254,198676
Illinois,Moultrie,1052,76807
Illinois,Ogle,3135,265010
Illinois,Peoria,14642,888866
Illinois,Perry,2878,106589
Illinois,Piatt,324,59293
Illinois,Pike,1707,73396
Illinois,Pope,128,9085
Illinois,Pulaski,197,45839
Illinois,Putnam,0,18455
Illinois,Randolph,3052,248869
Illinois,Richland,1899,65036
Illinois,Rock Island,19040,856322
Illinois,Saline,1959,100015
Illinois,Sangamon,14251,857654
Illinois,Schuyler,268,25010
Illinois,Scott,20,20042
Illinois,Shelby,2129,115258
Illinois,St. Clair,44705,1708334
Illinois,Stark,552,21251
Illinois,Stephenson,3099,218421
Illinois,Tazewell,9908,571294
Illinois,Union,5118,137058
Illinois,Unknown,33084,310908
Illinois,Vermilion,3817,324807
Illinois,Wabash,703,52130
Illinois,Warren,1531,107429
Illinois,Washington,518,64632
Illinois,Wayne,2497,80241
Illinois,White,791,56322
Illinois,Whiteside,9928,315596
Illinois,Will,99787,4166034
Illinois,Williamson,8393,342266
Illinois,Winnebago,38307,1924930
Illinois,Woodford,2752,149572
Indiana,Adams,1975,137648
Indiana,Allen,50646,1937223
Indiana,Bartholomew,13733,376952
Indiana,Benton,189,37746
Indiana,Blackford,1305,51795
Indiana,Boone,12161,302560
Indiana,Brown,672,38518
Indiana,Carroll,2023,83661
Indiana,Cass,4043,533200
Indiana,Clark,15736,598636
Indiana,Clay,2234,109047
Indiana,Clinton,3228,206725
Indiana,Crawford,491,34063
Indiana,Daviess,7604,167868
Indiana,Dearborn,7017,235033
Indiana,Decatur,10453,158600
Indiana,DeKalb,3343,173121
Indiana,Delaware,16360,532608
Indiana,Dubois,4189,287876
Indiana,Elkhart,29198,1902484
Indiana,Fayette,3959,163973
Indiana,Floyd,14779,368977
Indiana,Fountain,1129,73669
Indiana,Franklin,4902,91455
Indiana,Fulton,1466,85543
Indiana,Gibson,2637,176759
Indiana,Grant,9706,361702
Indiana,Greene,9614,129720
Indiana,Hamilton,33038,1485922
Indiana,Hancock,10984,316374
Indiana,Harrison,6190,173288
Indiana,Hendricks,33403,810939
Indiana,Henry,5820,263657
Indiana,Howard,15461,411082
Indiana,Huntington,1462,117587
Indiana,Jackson,3406,267306
Indiana,Jasper,1526,146204
Indiana,Jay,1132,87725
Indiana,Jefferson,1526,109967
Indiana,Jennings,3497,107714
Indiana,Johnson,35241,800904
Indiana,Knox,2015,168926
Indiana,Kosciusko,5209,445211
Indiana,LaGrange,3640,178965
Indiana,Lake,82476,3159001
Indiana,LaPorte,12066,493823
Indiana,Lawrence,8504,197429
Indiana,Madison,24199,566375
Indiana,Marion,198285,5908511
Indiana,Marshall,5753,320569
Indiana,Martin,358,38155
Indiana,Miami,1436,164880
Indiana,Monroe,9498,566681
Indiana,Montgomery,5538,172128
Indiana,Morgan,9696,254053
Indiana,Newton,3122,60210
Indiana,Noble,8322,285013
Indiana,Ohio,1073,24981
Indiana,Orange,6482,87004
Indiana,Owen,1059,64878
Indiana,Parke,565,58627
Indiana,Perry,3105,85242
Indiana,Pike,1647,53252
Indiana,Porter,13179,795317
Indiana,Posey,1274,119304
Indiana,Pulaski,1288,46158
Indiana,Putnam,3485,156679
Indiana,Randolph,2364,113085
Indiana,Ripley,2822,135597
Indiana,Rush,1148,69464
Indiana,Scott,3373,124744
Indiana,Shelby,10483,331254
Indiana,Spencer,973,83143
Indiana,St. Joseph,32234,1828774
Indiana,Starke,2717,95108
Indiana,Steuben,1671,146550
Indiana,Sullivan,2003,98121
Indiana,Switzerland,217,27475
Indiana,Tippecanoe,4428,858432
Indiana,Tipton,4040,64078
Indiana,Union,88,31858
Indiana,Unknown,0,8
Indiana,Vanderburgh,11525,1032299
Indiana,Vermillion,749,58351
Indiana,Vigo,9256,563352
Indiana,Wabash,2356,140974
Indiana,Warren,481,23998
Indiana,Warrick,11488,348803
Indiana,Washington,744,83609
Indiana,Wayne,7356,365054
Indiana,Wells,2492,114472
Indiana,White,3292,154936
Indiana,Whitley,1721,126615
Iowa,Adair,684,34644
Iowa,Adams,103,14696
Iowa,Allamakee,1799,85186
Iowa,Appanoose,1646,58137
Iowa,Audubon,384,26226
Iowa,Benton,1500,131369
Iowa,Black Hawk,21475,1225502
Iowa,Boone,1327,136927
Iowa,Bremer,2582,158389
Iowa,Buchanan,859,96243
Iowa,Buena Vista,2690,472519
Iowa,Butler,857,84979
Iowa,Calhoun,738,78051
Iowa,Carroll,1796,179956
Iowa,Cass,1691,66434
Iowa,Cedar,1125,93149
Iowa,Cerro Gordo,4972,307790
Iowa,Cherokee,735,78596
Iowa,Chickasaw,367,69280
Iowa,Clarke,685,62628
Iowa,Clay,705,107332
Iowa,Clayton,1532,90825
Iowa,Clinton,4154,293841
Iowa,Crawford,1772,250074
Iowa,Dallas,9176,725589
Iowa,Davis,936,40896
Iowa,Decatur,62,26645
Iowa,Delaware,1846,121303
Iowa,Des Moines,2035,245180
Iowa,Dickinson,1360,144327
Iowa,Dubuque,11725,873551
Iowa,Emmet,2288,76623
Iowa,Fayette,798,84187
Iowa,Floyd,1817,90895
Iowa,Franklin,2639,78115
Iowa,Fremont,229,32224
Iowa,Greene,161,41084
Iowa,Grundy,922,69513
Iowa,Guthrie,2116,72806
Iowa,Hamilton,1053,106396
Iowa,Hancock,1065,73914
Iowa,Hardin,1076,99965
Iowa,Harrison,2523,96534
Iowa,Henry,1384,174695
Iowa,Howard,1095,49323
Iowa,Humboldt,809,65615
Iowa,Ida,867,41467
Iowa,Iowa,1126,78979
Iowa,Jackson,1160,119844
Iowa,Jasper,6924,232216
Iowa,Jefferson,533,59003
Iowa,Johnson,5579,1056954
Iowa,Jones,1547,157897
Iowa,Keokuk,770,45359
Iowa,Kossuth,746,90271
Iowa,Lee,1790,181436
Iowa,Linn,28536,1280548
Iowa,Louisa,3452,127044
Iowa,Lucas,1071,35836
Iowa,Lyon,1173,90408
Iowa,Madison,706,66492
Iowa,Mahaska,4602,120086
Iowa,Marion,1978,185265
Iowa,Marshall,7149,458273
Iowa,Mills,595,81560
Iowa,Mitchell,716,63159
Iowa,Monona,515,44201
Iowa,Monroe,2118,45099
Iowa,Montgomery,1235,40303
Iowa,Muscatine,12592,331506
Iowa,O'Brien,2877,115156
Iowa,Osceola,162,49233
Iowa,Page,373,85630
Iowa,Palo Alto,273,56980
Iowa,Plymouth,4532,280350
Iowa,Pocahontas,486,52412
Iowa,Polk,57280,3858027
Iowa,Pottawattamie,8495,618849
Iowa,Poweshiek,2528,93050
Iowa,Ringgold,393,19554
Iowa,Sac,590,73070
Iowa,Scott,9016,981421
Iowa,Shelby,835,76044
Iowa,Sioux,2361,383032
Iowa,Story,3186,701606
Iowa,Tama,8095,199996
Iowa,Taylor,366,45434
Iowa,Union,843,59831
Iowa,Unknown,25,34712
Iowa,Van Buren,528,32865
Iowa,Wapello,11156,319130
Iowa,Warren,1594,270463
Iowa,Washington,3000,147833
Iowa,Wayne,935,25213
Iowa,Webster,3566,343685
Iowa,Winnebago,2384,80363
Iowa,Winneshiek,1260,89924
Iowa,Woodbury,17153,1365192
Iowa,Worth,54,32389
Iowa,Wright,597,150917
Kansas,Allen,94,28841
Kansas,Anderson,0,31088
Kansas,Atchison,718,83229
Kansas,Barber,80,13322
Kansas,Barton,1514,140885
Kansas,Bourbon,519,52935
Kansas,Brown,890,54469
Kansas,Butler,966,288836
Kansas,Chase,257,17991
Kansas,Chautauqua,81,7267
Kansas,Cherokee,1135,111920
Kansas,Cheyenne,635,17055
Kansas,Clark,372,15734
Kansas,Clay,995,30243
Kansas,Cloud,190,43578
Kansas,Coffey,2206,36159
Kansas,Comanche,89,6179
Kansas,Cowley,1062,131999
Kansas,Crawford,1763,243077
Kansas,Decatur,95,14750
Kansas,Dickinson,760,61904
Kansas,Doniphan,177,40770
Kansas,Douglas,2505,480898
Kansas,Edwards,0,14654
Kansas,Elk,0,4026
Kansas,Ellis,2135,217586
Kansas,Ellsworth,221,51085
Kansas,Finney,3644,611203
Kansas,Ford,2188,687139
Kansas,Franklin,1120,107111
Kansas,Geary,678,105835
Kansas,Gove,1363,22987
Kansas,Graham,184,12491
Kansas,Grant,1188,70915
Kansas,Gray,272,37558
Kansas,Greeley,0,6001
Kansas,Greenwood,74,21135
Kansas,Hamilton,0,15289
Kansas,Harper,729,28223
Kansas,Harvey,1695,144775
Kansas,Haskell,107,27575
Kansas,Hodgeman,124,10216
Kansas,Jackson,667,72256
Kansas,Jefferson,651,63134
Kansas,Jewell,163,8506
Kansas,Johnson,39128,2771261
Kansas,Kearny,700,34271
Kansas,Kingman,373,29360
Kansas,Kiowa,0,10170
Kansas,Labette,692,87814
Kansas,Lane,178,6766
Kansas,Leavenworth,3604,522439
Kansas,Lincoln,84,7328
Kansas,Linn,154,27685
Kansas,Logan,0,16032
Kansas,Lyon,5796,287564
Kansas,Marion,301,38002
Kansas,Marshall,608,36607
Kansas,McPherson,962,119498
Kansas,Meade,265,30725
Kansas,Miami,323,100442
Kansas,Mitchell,0,17803
Kansas,Montgomery,1155,117108
Kansas,Morris,72,17187
Kansas,Morton,586,11541
Kansas,Nemaha,1467,73307
Kansas,Neosho,198,59080
Kansas,Ness,1097,22222
Kansas,Norton,1525,75683
Kansas,Osage,372,41466
Kansas,Osborne,0,6947
Kansas,Ottawa,0,22438
Kansas,Pawnee,92,67065
Kansas,Phillips,1516,36395
Kansas,Pottawatomie,116,69216
Kansas,Pratt,545,37271
Kansas,Rawlins,155,18798
Kansas,Reno,3836,406388
Kansas,Republic,374,26229
Kansas,Rice,126,35695
Kansas,Riley,1818,361447
Kansas,Rooks,678,27834
Kansas,Rush,0,19043
Kansas,Russell,862,39329
Kansas,Saline,2985,231549
Kansas,Scott,418,38291
Kansas,Sedgwick,20512,2552711
Kansas,Seward,1606,412273
Kansas,Shawnee,12994,765594
Kansas,Sheridan,0,23126
Kansas,Sherman,461,32766
Kansas,Smith,44,9673
Kansas,Stafford,278,16484
Kansas,Stanton,274,14809
Kansas,Stevens,250,39409
Kansas,Sumner,896,69905
Kansas,Thomas,337,55596
Kansas,Trego,366,17141
Kansas,Unknown,10689,0
Kansas,Wabaunsee,139,26629
Kansas,Wallace,0,9568
Kansas,Washington,302,18959
Kansas,Wichita,0,9245
Kansas,Wilson,364,27020
Kansas,Woodson,0,6851
Kansas,Wyandotte,30650,1542143
Kentucky,Adair,5594,102640
Kentucky,Allen,2179,90830
Kentucky,Anderson,292,51207
Kentucky,Ballard,166,15821
Kentucky,Barren,2685,193841
Kentucky,Bath,292,27025
Kentucky,Bell,2212,126837
Kentucky,Boone,5908,495851
Kentucky,Bourbon,291,56034
Kentucky,Boyd,2683,155037
Kentucky,Boyle,11,98554
Kentucky,Bracken,182,15834
Kentucky,Breathitt,165,30014
Kentucky,Breckinridge,559,40978
Kentucky,Bullitt,2592,267332
Kentucky,Butler,3531,92636
Kentucky,Caldwell,387,51835
Kentucky,Calloway,1743,163475
Kentucky,Campbell,4220,286368
Kentucky,Carlisle,245,19955
Kentucky,Carroll,781,44025
Kentucky,Carter,581,69224
Kentucky,Casey,2760,67250
Kentucky,Christian,4813,318719
Kentucky,Clark,1799,95708
Kentucky,Clay,1179,96164
Kentucky,Clinton,974,44602
Kentucky,Crittenden,313,25130
Kentucky,Cumberland,134,28765
Kentucky,Daviess,5562,387885
Kentucky,Edmonson,2755,44080
Kentucky,Elliott,28,42551
Kentucky,Estill,0,40744
Kentucky,Fayette,16167,1853589
Kentucky,Fleming,32,34300
Kentucky,Floyd,696,94671
Kentucky,Franklin,2173,153719
Kentucky,Fulton,454,33139
Kentucky,Gallatin,1699,29563
Kentucky,Garrard,448,55389
Kentucky,Grant,1348,67208
Kentucky,Graves,6776,197867
Kentucky,Grayson,3446,101530
Kentucky,Green,1334,56977
Kentucky,Greenup,1247,122289
Kentucky,Hancock,627,27811
Kentucky,Hardin,3514,385900
Kentucky,Harlan,1840,99822
Kentucky,Harrison,84,51872
Kentucky,Hart,356,75651
Kentucky,Henderson,3748,211485
Kentucky,Henry,466,53191
Kentucky,Hickman,168,18057
Kentucky,Hopkins,10745,202045
Kentucky,Jackson,3778,77518
Kentucky,Jefferson,78540,4121871
Kentucky,Jessamine,2068,176963
Kentucky,Johnson,526,62980
Kentucky,Kenton,11467,604959
Kentucky,Knott,718,50675
Kentucky,Knox,1583,125817
Kentucky,Larue,290,52744
Kentucky,Laurel,1485,240370
Kentucky,Lawrence,118,33242
Kentucky,Lee,890,49950
Kentucky,Leslie,70,24826
Kentucky,Letcher,289,50966
Kentucky,Lewis,2186,51155
Kentucky,Lincoln,2289,70117
Kentucky,Livingston,283,27214
Kentucky,Logan,5530,142273
Kentucky,Lyon,1006,20693
Kentucky,Madison,1855,389366
Kentucky,Magoffin,51,38088
Kentucky,Marion,1419,89838
Kentucky,Marshall,1301,91968
Kentucky,Martin,624,35493
Kentucky,Mason,521,44032
Kentucky,McCracken,2490,251274
Kentucky,McCreary,167,54320
Kentucky,McLean,959,34648
Kentucky,Meade,718,71323
Kentucky,Menifee,91,13924
Kentucky,Mercer,587,68949
Kentucky,Metcalfe,580,37023
Kentucky,Monroe,1191,62879
Kentucky,Montgomery,779,87386
Kentucky,Morgan,0,27081
Kentucky,Muhlenberg,3431,208647
Kentucky,Nelson,1013,179252
Kentucky,Nicholas,276,15710
Kentucky,Ohio,2035,125243
Kentucky,Oldham,4728,261759
Kentucky,Owen,329,23692
Kentucky,Owsley,260,16967
Kentucky,Pendleton,53,32559
Kentucky,Perry,1393,100273
Kentucky,Pike,1770,165315
Kentucky,Powell,0,37748
Kentucky,Pulaski,2781,218438
Kentucky,Robertson,196,6370
Kentucky,Rockcastle,419,53200
Kentucky,Rowan,190,69801
Kentucky,Russell,2151,75362
Kentucky,Scott,2087,183987
Kentucky,Shelby,4695,263450
Kentucky,Simpson,1620,76124
Kentucky,Spencer,145,62281
Kentucky,Taylor,1279,102804
Kentucky,Todd,1331,44771
Kentucky,Trigg,80,41518
Kentucky,Trimble,0,19539
Kentucky,Union,671,70552
Kentucky,Unknown,35,951
Kentucky,Warren,8981,945989
Kentucky,Washington,396,50387
Kentucky,Wayne,382,63737
Kentucky,Webster,741,54042
Kentucky,Whitley,752,141653
Kentucky,Wolfe,57,15354
Kentucky,Woodford,29,79140
Louisiana,Acadia,19103,591296
Louisiana,Allen,9401,303897
Louisiana,Ascension,20920,806773
Louisiana,Assumption,4912,162010
Louisiana,Avoyelles,10148,290169
Louisiana,Beauregard,6605,196162
Louisiana,Bienville,7665,113903
Louisiana,Bossier,21825,758771
Louisiana,Caddo,79609,1912420
Louisiana,Calcasieu,38874,1527394
Louisiana,Caldwell,982,74877
Louisiana,Cameron,316,42089
Louisiana,Catahoula,2229,89606
Louisiana,Claiborne,4519,99477
Louisiana,Concordia,3335,116060
Louisiana,De Soto,7322,195748
Louisiana,East Baton Rouge,94932,3066400
Louisiana,East Carroll,990,121419
Louisiana,East Feliciana,13406,281367
Louisiana,Evangeline,5420,250805
Louisiana,Franklin,8064,249298
Louisiana,Grant,4639,104873
Louisiana,Iberia,18554,567250
Louisiana,Iberville,13397,320801
Louisiana,Jackson,5052,140010
Louisiana,Jefferson,138950,4009167
Louisiana,Jefferson Davis,7550,248333
Louisiana,Lafayette,24483,1760552
Louisiana,Lafourche,27105,736132
Louisiana,LaSalle,1788,99230
Louisiana,Lincoln,9113,289577
Louisiana,Livingston,15441,798387
Louisiana,Madison,1725,162281
Louisiana,Morehouse,4571,171549
Louisiana,Natchitoches,6192,253667
Louisiana,Orleans,149250,3007887
Louisiana,Ouachita,31657,1369346
Louisiana,Plaquemines,4854,163223
Louisiana,Pointe Coupee,8922,207383
Louisiana,Rapides,28917,881679
Louisiana,Red River,4211,72397
Louisiana,Richland,3096,170244
Louisiana,Sabine,2916,179155
Louisiana,St. Bernard,7107,305519
Louisiana,St. Charles,14568,405263
Louisiana,St. Helena,628,76373
Louisiana,St. James,8726,174479
Louisiana,St. John the Baptist,25006,372847
Louisiana,St. Landry,26283,668107
Louisiana,St. Martin,12312,419810
Louisiana,St. Mary,15792,369217
Louisiana,St. Tammany,57613,1507975
Louisiana,Tangipahoa,22587,944784
Louisiana,Tensas,298,29078
Louisiana,Terrebonne,23704,716821
Louisiana,Union,9392,206590
Louisiana,Unknown,28185,250818
Louisiana,Vermilion,9885,367747
Louisiana,Vernon,8508,197219
Louisiana,Washington,14736,346003
Louisiana,Webster,6427,265645
Louisiana,West Baton Rouge,9442,188899
Louisiana,West Carroll,2385,79212
Louisiana,West Feliciana,4667,129457
Louisiana,Winn,3363,131812
Massachusets,Barnstable,39746,516916
Massachusets,Berkshire,13802,233022
Massachusets,Bristol,162484,2987245
Massachusets,Dukes,56,27782
Massachusets,Essex,301285,5645084
Massachusets,Franklin,16279,123002
Massachusets,Hampden,186855,2447214
Massachusets,Hampshire,32365,358802
Massachusets,Middlesex,507847,7884235
Massachusets,Nantucket,243,34418
Massachusets,Norfolk,252637,2957339
Massachusets,Plymouth,182279,2714013
Massachusets,Suffolk,269901,6551555
Massachusets,Unknown,2238,832289
Massachusets,Worcester,254438,4106385